"Laikotarpis","Rodiklis","Administracinė teritorija","Amžius","Lytis","Nukentėjusiųjų tipas","Matavimo vienetai","Reikšmė"
"2020","Kelių eismo įvykiuose sužeistųjų ir žuvusiųjų skaičius","Vilniaus apskritis","","","Sužeistieji","asmenys","815"
"2021","Kelių eismo įvykiuose sužeistųjų ir žuvusiųjų skaičius","Vilniaus apskritis","","","Sužeistieji","asmenys","840"
"2022","Kelių eismo įvykiuose sužeistųjų ir žuvusiųjų skaičius","Vilniaus apskritis","","","Sužeistieji","asmenys","824"
"2020","Kelių eismo įvykiuose sužeistųjų ir žuvusiųjų skaičius","Vilniaus apskritis","","","Žuvusieji","asmenys","41"
"2021","Kelių eismo įvykiuose sužeistųjų ir žuvusiųjų skaičius","Vilniaus apskritis","","","Žuvusieji","asmenys","40"
"2022","Kelių eismo įvykiuose sužeistųjų ir žuvusiųjų skaičius","Vilniaus apskritis","","","Žuvusieji","asmenys","30"
"2020","Kelių eismo įvykiuose sužeistųjų ir žuvusiųjų skaičius","Alytaus apskritis","","","Sužeistieji","asmenys","139"
"2021","Kelių eismo įvykiuose sužeistųjų ir žuvusiųjų skaičius","Alytaus apskritis","","","Sužeistieji","asmenys","158"
"2022","Kelių eismo įvykiuose sužeistųjų ir žuvusiųjų skaičius","Alytaus apskritis","","","Sužeistieji","asmenys","156"
"2020","Kelių eismo įvykiuose sužeistųjų ir žuvusiųjų skaičius","Alytaus apskritis","","","Žuvusieji","asmenys","7"
"2021","Kelių eismo įvykiuose sužeistųjų ir žuvusiųjų skaičius","Alytaus apskritis","","","Žuvusieji","asmenys","8"
"2022","Kelių eismo įvykiuose sužeistųjų ir žuvusiųjų skaičius","Alytaus apskritis","","","Žuvusieji","asmenys","10"
"2020","Kelių eismo įvykiuose sužeistųjų ir žuvusiųjų skaičius","Kauno apskritis","","","Sužeistieji","asmenys","687"
"2021","Kelių eismo įvykiuose sužeistųjų ir žuvusiųjų skaičius","Kauno apskritis","","","Sužeistieji","asmenys","728"
"2022","Kelių eismo įvykiuose sužeistųjų ir žuvusiųjų skaičius","Kauno apskritis","","","Sužeistieji","asmenys","762"
"2020","Kelių eismo įvykiuose sužeistųjų ir žuvusiųjų skaičius","Kauno apskritis","","","Žuvusieji","asmenys","33"
"2021","Kelių eismo įvykiuose sužeistųjų ir žuvusiųjų skaičius","Kauno apskritis","","","Žuvusieji","asmenys","24"
"2022","Kelių eismo įvykiuose sužeistųjų ir žuvusiųjų skaičius","Kauno apskritis","","","Žuvusieji","asmenys","17"
"2020","Kelių eismo įvykiuose sužeistųjų ir žuvusiųjų skaičius","Klaipėdos apskritis","","","Sužeistieji","asmenys","421"
"2021","Kelių eismo įvykiuose sužeistųjų ir žuvusiųjų skaičius","Klaipėdos apskritis","","","Sužeistieji","asmenys","424"
"2022","Kelių eismo įvykiuose sužeistųjų ir žuvusiųjų skaičius","Klaipėdos apskritis","","","Sužeistieji","asmenys","466"
"2020","Kelių eismo įvykiuose sužeistųjų ir žuvusiųjų skaičius","Klaipėdos apskritis","","","Žuvusieji","asmenys","18"
"2021","Kelių eismo įvykiuose sužeistųjų ir žuvusiųjų skaičius","Klaipėdos apskritis","","","Žuvusieji","asmenys","15"
"2022","Kelių eismo įvykiuose sužeistųjų ir žuvusiųjų skaičius","Klaipėdos apskritis","","","Žuvusieji","asmenys","16"
"2020","Kelių eismo įvykiuose sužeistųjų ir žuvusiųjų skaičius","Marijampolės apskritis","","","Sužeistieji","asmenys","112"
"2021","Kelių eismo įvykiuose sužeistųjų ir žuvusiųjų skaičius","Marijampolės apskritis","","","Sužeistieji","asmenys","97"
"2022","Kelių eismo įvykiuose sužeistųjų ir žuvusiųjų skaičius","Marijampolės apskritis","","","Sužeistieji","asmenys","153"
"2020","Kelių eismo įvykiuose sužeistųjų ir žuvusiųjų skaičius","Marijampolės apskritis","","","Žuvusieji","asmenys","9"
"2021","Kelių eismo įvykiuose sužeistųjų ir žuvusiųjų skaičius","Marijampolės apskritis","","","Žuvusieji","asmenys","5"
"2022","Kelių eismo įvykiuose sužeistųjų ir žuvusiųjų skaičius","Marijampolės apskritis","","","Žuvusieji","asmenys","11"
"2020","Kelių eismo įvykiuose sužeistųjų ir žuvusiųjų skaičius","Panevėžio apskritis","","","Sužeistieji","asmenys","349"
"2021","Kelių eismo įvykiuose sužeistųjų ir žuvusiųjų skaičius","Panevėžio apskritis","","","Sužeistieji","asmenys","265"
"2022","Kelių eismo įvykiuose sužeistųjų ir žuvusiųjų skaičius","Panevėžio apskritis","","","Sužeistieji","asmenys","355"
"2020","Kelių eismo įvykiuose sužeistųjų ir žuvusiųjų skaičius","Panevėžio apskritis","","","Žuvusieji","asmenys","28"
"2021","Kelių eismo įvykiuose sužeistųjų ir žuvusiųjų skaičius","Panevėžio apskritis","","","Žuvusieji","asmenys","18"
"2022","Kelių eismo įvykiuose sužeistųjų ir žuvusiųjų skaičius","Panevėžio apskritis","","","Žuvusieji","asmenys","14"
"2020","Kelių eismo įvykiuose sužeistųjų ir žuvusiųjų skaičius","Šiaulių apskritis","","","Sužeistieji","asmenys","296"
"2021","Kelių eismo įvykiuose sužeistųjų ir žuvusiųjų skaičius","Šiaulių apskritis","","","Sužeistieji","asmenys","282"
"2022","Kelių eismo įvykiuose sužeistųjų ir žuvusiųjų skaičius","Šiaulių apskritis","","","Sužeistieji","asmenys","306"
"2020","Kelių eismo įvykiuose sužeistųjų ir žuvusiųjų skaičius","Šiaulių apskritis","","","Žuvusieji","asmenys","13"
"2021","Kelių eismo įvykiuose sužeistųjų ir žuvusiųjų skaičius","Šiaulių apskritis","","","Žuvusieji","asmenys","14"
"2022","Kelių eismo įvykiuose sužeistųjų ir žuvusiųjų skaičius","Šiaulių apskritis","","","Žuvusieji","asmenys","13"
"2020","Kelių eismo įvykiuose sužeistųjų ir žuvusiųjų skaičius","Tauragės apskritis","","","Sužeistieji","asmenys","82"
"2021","Kelių eismo įvykiuose sužeistųjų ir žuvusiųjų skaičius","Tauragės apskritis","","","Sužeistieji","asmenys","102"
"2022","Kelių eismo įvykiuose sužeistųjų ir žuvusiųjų skaičius","Tauragės apskritis","","","Sužeistieji","asmenys","79"
"2020","Kelių eismo įvykiuose sužeistųjų ir žuvusiųjų skaičius","Tauragės apskritis","","","Žuvusieji","asmenys","6"
"2021","Kelių eismo įvykiuose sužeistųjų ir žuvusiųjų skaičius","Tauragės apskritis","","","Žuvusieji","asmenys","9"
"2022","Kelių eismo įvykiuose sužeistųjų ir žuvusiųjų skaičius","Tauragės apskritis","","","Žuvusieji","asmenys","2"
"2020","Kelių eismo įvykiuose sužeistųjų ir žuvusiųjų skaičius","Telšių apskritis","","","Sužeistieji","asmenys","159"
"2021","Kelių eismo įvykiuose sužeistųjų ir žuvusiųjų skaičius","Telšių apskritis","","","Sužeistieji","asmenys","172"
"2022","Kelių eismo įvykiuose sužeistųjų ir žuvusiųjų skaičius","Telšių apskritis","","","Sužeistieji","asmenys","129"
"2020","Kelių eismo įvykiuose sužeistųjų ir žuvusiųjų skaičius","Telšių apskritis","","","Žuvusieji","asmenys","12"
"2021","Kelių eismo įvykiuose sužeistųjų ir žuvusiųjų skaičius","Telšių apskritis","","","Žuvusieji","asmenys","5"
"2022","Kelių eismo įvykiuose sužeistųjų ir žuvusiųjų skaičius","Telšių apskritis","","","Žuvusieji","asmenys","5"
"2020","Kelių eismo įvykiuose sužeistųjų ir žuvusiųjų skaičius","Utenos apskritis","","","Sužeistieji","asmenys","101"
"2021","Kelių eismo įvykiuose sužeistųjų ir žuvusiųjų skaičius","Utenos apskritis","","","Sužeistieji","asmenys","114"
"2022","Kelių eismo įvykiuose sužeistųjų ir žuvusiųjų skaičius","Utenos apskritis","","","Sužeistieji","asmenys","119"
"2020","Kelių eismo įvykiuose sužeistųjų ir žuvusiųjų skaičius","Utenos apskritis","","","Žuvusieji","asmenys","9"
"2021","Kelių eismo įvykiuose sužeistųjų ir žuvusiųjų skaičius","Utenos apskritis","","","Žuvusieji","asmenys","9"
"2022","Kelių eismo įvykiuose sužeistųjų ir žuvusiųjų skaičius","Utenos apskritis","","","Žuvusieji","asmenys","4"
"2020","Kelių eismo įvykiuose sužeistųjų ir žuvusiųjų skaičius","","Iš viso pagal amžių","Vyrai ir moterys","Sužeistieji","asmenys","3161"
"2021","Kelių eismo įvykiuose sužeistųjų ir žuvusiųjų skaičius","","Iš viso pagal amžių","Vyrai ir moterys","Sužeistieji","asmenys","3182"
"2022","Kelių eismo įvykiuose sužeistųjų ir žuvusiųjų skaičius","","Iš viso pagal amžių","Vyrai ir moterys","Sužeistieji","asmenys","3349"
"2020","Kelių eismo įvykiuose sužeistųjų ir žuvusiųjų skaičius","","Iš viso pagal amžių","Vyrai ir moterys","Žuvusieji","asmenys","176"
"2021","Kelių eismo įvykiuose sužeistųjų ir žuvusiųjų skaičius","","Iš viso pagal amžių","Vyrai ir moterys","Žuvusieji","asmenys","147"
"2022","Kelių eismo įvykiuose sužeistųjų ir žuvusiųjų skaičius","","Iš viso pagal amžių","Vyrai ir moterys","Žuvusieji","asmenys","122"
"2020","Kelių eismo įvykiuose sužeistųjų ir žuvusiųjų skaičius","","iki 6 metų","Vyrai ir moterys","Sužeistieji","asmenys","70"
"2021","Kelių eismo įvykiuose sužeistųjų ir žuvusiųjų skaičius","","iki 6 metų","Vyrai ir moterys","Sužeistieji","asmenys","71"
"2022","Kelių eismo įvykiuose sužeistųjų ir žuvusiųjų skaičius","","iki 6 metų","Vyrai ir moterys","Sužeistieji","asmenys","80"
"2020","Kelių eismo įvykiuose sužeistųjų ir žuvusiųjų skaičius","","iki 6 metų","Vyrai ir moterys","Žuvusieji","asmenys",
"2021","Kelių eismo įvykiuose sužeistųjų ir žuvusiųjų skaičius","","iki 6 metų","Vyrai ir moterys","Žuvusieji","asmenys","1"
"2022","Kelių eismo įvykiuose sužeistųjų ir žuvusiųjų skaičius","","iki 6 metų","Vyrai ir moterys","Žuvusieji","asmenys","1"
"2020","Kelių eismo įvykiuose sužeistųjų ir žuvusiųjų skaičius","","6–9","Vyrai ir moterys","Sužeistieji","asmenys","99"
"2021","Kelių eismo įvykiuose sužeistųjų ir žuvusiųjų skaičius","","6–9","Vyrai ir moterys","Sužeistieji","asmenys","101"
"2022","Kelių eismo įvykiuose sužeistųjų ir žuvusiųjų skaičius","","6–9","Vyrai ir moterys","Sužeistieji","asmenys","95"
"2020","Kelių eismo įvykiuose sužeistųjų ir žuvusiųjų skaičius","","6–9","Vyrai ir moterys","Žuvusieji","asmenys","1"
"2021","Kelių eismo įvykiuose sužeistųjų ir žuvusiųjų skaičius","","6–9","Vyrai ir moterys","Žuvusieji","asmenys","2"
"2022","Kelių eismo įvykiuose sužeistųjų ir žuvusiųjų skaičius","","6–9","Vyrai ir moterys","Žuvusieji","asmenys","1"
"2020","Kelių eismo įvykiuose sužeistųjų ir žuvusiųjų skaičius","","10–14","Vyrai ir moterys","Sužeistieji","asmenys","147"
"2021","Kelių eismo įvykiuose sužeistųjų ir žuvusiųjų skaičius","","10–14","Vyrai ir moterys","Sužeistieji","asmenys","175"
"2022","Kelių eismo įvykiuose sužeistųjų ir žuvusiųjų skaičius","","10–14","Vyrai ir moterys","Sužeistieji","asmenys","195"
"2020","Kelių eismo įvykiuose sužeistųjų ir žuvusiųjų skaičius","","10–14","Vyrai ir moterys","Žuvusieji","asmenys","1"
"2021","Kelių eismo įvykiuose sužeistųjų ir žuvusiųjų skaičius","","10–14","Vyrai ir moterys","Žuvusieji","asmenys","1"
"2022","Kelių eismo įvykiuose sužeistųjų ir žuvusiųjų skaičius","","10–14","Vyrai ir moterys","Žuvusieji","asmenys","1"
"2020","Kelių eismo įvykiuose sužeistųjų ir žuvusiųjų skaičius","","15–17","Vyrai ir moterys","Sužeistieji","asmenys","174"
"2021","Kelių eismo įvykiuose sužeistųjų ir žuvusiųjų skaičius","","15–17","Vyrai ir moterys","Sužeistieji","asmenys","208"
"2022","Kelių eismo įvykiuose sužeistųjų ir žuvusiųjų skaičius","","15–17","Vyrai ir moterys","Sužeistieji","asmenys","199"
"2020","Kelių eismo įvykiuose sužeistųjų ir žuvusiųjų skaičius","","15–17","Vyrai ir moterys","Žuvusieji","asmenys","4"
"2021","Kelių eismo įvykiuose sužeistųjų ir žuvusiųjų skaičius","","15–17","Vyrai ir moterys","Žuvusieji","asmenys","4"
"2022","Kelių eismo įvykiuose sužeistųjų ir žuvusiųjų skaičius","","15–17","Vyrai ir moterys","Žuvusieji","asmenys","1"
"2020","Kelių eismo įvykiuose sužeistųjų ir žuvusiųjų skaičius","","18–20","Vyrai ir moterys","Sužeistieji","asmenys","212"
"2021","Kelių eismo įvykiuose sužeistųjų ir žuvusiųjų skaičius","","18–20","Vyrai ir moterys","Sužeistieji","asmenys","184"
"2022","Kelių eismo įvykiuose sužeistųjų ir žuvusiųjų skaičius","","18–20","Vyrai ir moterys","Sužeistieji","asmenys","174"
"2020","Kelių eismo įvykiuose sužeistųjų ir žuvusiųjų skaičius","","18–20","Vyrai ir moterys","Žuvusieji","asmenys","10"
"2021","Kelių eismo įvykiuose sužeistųjų ir žuvusiųjų skaičius","","18–20","Vyrai ir moterys","Žuvusieji","asmenys","9"
"2022","Kelių eismo įvykiuose sužeistųjų ir žuvusiųjų skaičius","","18–20","Vyrai ir moterys","Žuvusieji","asmenys","8"
"2020","Kelių eismo įvykiuose sužeistųjų ir žuvusiųjų skaičius","","21–24","Vyrai ir moterys","Sužeistieji","asmenys","255"
"2021","Kelių eismo įvykiuose sužeistųjų ir žuvusiųjų skaičius","","21–24","Vyrai ir moterys","Sužeistieji","asmenys","243"
"2022","Kelių eismo įvykiuose sužeistųjų ir žuvusiųjų skaičius","","21–24","Vyrai ir moterys","Sužeistieji","asmenys","228"
"2020","Kelių eismo įvykiuose sužeistųjų ir žuvusiųjų skaičius","","21–24","Vyrai ir moterys","Žuvusieji","asmenys","8"
"2021","Kelių eismo įvykiuose sužeistųjų ir žuvusiųjų skaičius","","21–24","Vyrai ir moterys","Žuvusieji","asmenys","6"
"2022","Kelių eismo įvykiuose sužeistųjų ir žuvusiųjų skaičius","","21–24","Vyrai ir moterys","Žuvusieji","asmenys","10"
"2020","Kelių eismo įvykiuose sužeistųjų ir žuvusiųjų skaičius","","25–34","Vyrai ir moterys","Sužeistieji","asmenys","528"
"2021","Kelių eismo įvykiuose sužeistųjų ir žuvusiųjų skaičius","","25–34","Vyrai ir moterys","Sužeistieji","asmenys","528"
"2022","Kelių eismo įvykiuose sužeistųjų ir žuvusiųjų skaičius","","25–34","Vyrai ir moterys","Sužeistieji","asmenys","559"
"2020","Kelių eismo įvykiuose sužeistųjų ir žuvusiųjų skaičius","","25–34","Vyrai ir moterys","Žuvusieji","asmenys","17"
"2021","Kelių eismo įvykiuose sužeistųjų ir žuvusiųjų skaičius","","25–34","Vyrai ir moterys","Žuvusieji","asmenys","26"
"2022","Kelių eismo įvykiuose sužeistųjų ir žuvusiųjų skaičius","","25–34","Vyrai ir moterys","Žuvusieji","asmenys","19"
"2020","Kelių eismo įvykiuose sužeistųjų ir žuvusiųjų skaičius","","35–44","Vyrai ir moterys","Sužeistieji","asmenys","437"
"2021","Kelių eismo įvykiuose sužeistųjų ir žuvusiųjų skaičius","","35–44","Vyrai ir moterys","Sužeistieji","asmenys","462"
"2022","Kelių eismo įvykiuose sužeistųjų ir žuvusiųjų skaičius","","35–44","Vyrai ir moterys","Sužeistieji","asmenys","449"
"2020","Kelių eismo įvykiuose sužeistųjų ir žuvusiųjų skaičius","","35–44","Vyrai ir moterys","Žuvusieji","asmenys","26"
"2021","Kelių eismo įvykiuose sužeistųjų ir žuvusiųjų skaičius","","35–44","Vyrai ir moterys","Žuvusieji","asmenys","23"
"2022","Kelių eismo įvykiuose sužeistųjų ir žuvusiųjų skaičius","","35–44","Vyrai ir moterys","Žuvusieji","asmenys","19"
"2020","Kelių eismo įvykiuose sužeistųjų ir žuvusiųjų skaičius","","45–54","Vyrai ir moterys","Sužeistieji","asmenys","384"
"2021","Kelių eismo įvykiuose sužeistųjų ir žuvusiųjų skaičius","","45–54","Vyrai ir moterys","Sužeistieji","asmenys","375"
"2022","Kelių eismo įvykiuose sužeistųjų ir žuvusiųjų skaičius","","45–54","Vyrai ir moterys","Sužeistieji","asmenys","451"
"2020","Kelių eismo įvykiuose sužeistųjų ir žuvusiųjų skaičius","","45–54","Vyrai ir moterys","Žuvusieji","asmenys","33"
"2021","Kelių eismo įvykiuose sužeistųjų ir žuvusiųjų skaičius","","45–54","Vyrai ir moterys","Žuvusieji","asmenys","25"
"2022","Kelių eismo įvykiuose sužeistųjų ir žuvusiųjų skaičius","","45–54","Vyrai ir moterys","Žuvusieji","asmenys","20"
"2020","Kelių eismo įvykiuose sužeistųjų ir žuvusiųjų skaičius","","55–64","Vyrai ir moterys","Sužeistieji","asmenys","402"
"2021","Kelių eismo įvykiuose sužeistųjų ir žuvusiųjų skaičius","","55–64","Vyrai ir moterys","Sužeistieji","asmenys","387"
"2022","Kelių eismo įvykiuose sužeistųjų ir žuvusiųjų skaičius","","55–64","Vyrai ir moterys","Sužeistieji","asmenys","421"
"2020","Kelių eismo įvykiuose sužeistųjų ir žuvusiųjų skaičius","","55–64","Vyrai ir moterys","Žuvusieji","asmenys","28"
"2021","Kelių eismo įvykiuose sužeistųjų ir žuvusiųjų skaičius","","55–64","Vyrai ir moterys","Žuvusieji","asmenys","20"
"2022","Kelių eismo įvykiuose sužeistųjų ir žuvusiųjų skaičius","","55–64","Vyrai ir moterys","Žuvusieji","asmenys","18"
"2020","Kelių eismo įvykiuose sužeistųjų ir žuvusiųjų skaičius","","65 ir vyresni","Vyrai ir moterys","Sužeistieji","asmenys","447"
"2021","Kelių eismo įvykiuose sužeistųjų ir žuvusiųjų skaičius","","65 ir vyresni","Vyrai ir moterys","Sužeistieji","asmenys","440"
"2022","Kelių eismo įvykiuose sužeistųjų ir žuvusiųjų skaičius","","65 ir vyresni","Vyrai ir moterys","Sužeistieji","asmenys","492"
"2020","Kelių eismo įvykiuose sužeistųjų ir žuvusiųjų skaičius","","65 ir vyresni","Vyrai ir moterys","Žuvusieji","asmenys","46"
"2021","Kelių eismo įvykiuose sužeistųjų ir žuvusiųjų skaičius","","65 ir vyresni","Vyrai ir moterys","Žuvusieji","asmenys","29"
"2022","Kelių eismo įvykiuose sužeistųjų ir žuvusiųjų skaičius","","65 ir vyresni","Vyrai ir moterys","Žuvusieji","asmenys","23"
"2020","Kelių eismo įvykiuose sužeistųjų ir žuvusiųjų skaičius","","Nenurodė","Vyrai ir moterys","Sužeistieji","asmenys","6"
"2021","Kelių eismo įvykiuose sužeistųjų ir žuvusiųjų skaičius","","Nenurodė","Vyrai ir moterys","Sužeistieji","asmenys","8"
"2022","Kelių eismo įvykiuose sužeistųjų ir žuvusiųjų skaičius","","Nenurodė","Vyrai ir moterys","Sužeistieji","asmenys","6"
"2020","Kelių eismo įvykiuose sužeistųjų ir žuvusiųjų skaičius","","Nenurodė","Vyrai ir moterys","Žuvusieji","asmenys","2"
"2021","Kelių eismo įvykiuose sužeistųjų ir žuvusiųjų skaičius","","Nenurodė","Vyrai ir moterys","Žuvusieji","asmenys","1"
"2022","Kelių eismo įvykiuose sužeistųjų ir žuvusiųjų skaičius","","Nenurodė","Vyrai ir moterys","Žuvusieji","asmenys","1"
"2020","Kelių eismo įvykiuose sužeistųjų ir žuvusiųjų skaičius","","Iš viso pagal amžių","Vyrai","Sužeistieji","asmenys","1788"
"2021","Kelių eismo įvykiuose sužeistųjų ir žuvusiųjų skaičius","","Iš viso pagal amžių","Vyrai","Sužeistieji","asmenys","1772"
"2022","Kelių eismo įvykiuose sužeistųjų ir žuvusiųjų skaičius","","Iš viso pagal amžių","Vyrai","Sužeistieji","asmenys","1754"
"2020","Kelių eismo įvykiuose sužeistųjų ir žuvusiųjų skaičius","","Iš viso pagal amžių","Vyrai","Žuvusieji","asmenys","117"
"2021","Kelių eismo įvykiuose sužeistųjų ir žuvusiųjų skaičius","","Iš viso pagal amžių","Vyrai","Žuvusieji","asmenys","110"
"2022","Kelių eismo įvykiuose sužeistųjų ir žuvusiųjų skaičius","","Iš viso pagal amžių","Vyrai","Žuvusieji","asmenys","88"
"2020","Kelių eismo įvykiuose sužeistųjų ir žuvusiųjų skaičius","","iki 6 metų","Vyrai","Sužeistieji","asmenys","41"
"2021","Kelių eismo įvykiuose sužeistųjų ir žuvusiųjų skaičius","","iki 6 metų","Vyrai","Sužeistieji","asmenys","41"
"2022","Kelių eismo įvykiuose sužeistųjų ir žuvusiųjų skaičius","","iki 6 metų","Vyrai","Sužeistieji","asmenys","47"
"2020","Kelių eismo įvykiuose sužeistųjų ir žuvusiųjų skaičius","","iki 6 metų","Vyrai","Žuvusieji","asmenys",
"2021","Kelių eismo įvykiuose sužeistųjų ir žuvusiųjų skaičius","","iki 6 metų","Vyrai","Žuvusieji","asmenys","1"
"2022","Kelių eismo įvykiuose sužeistųjų ir žuvusiųjų skaičius","","iki 6 metų","Vyrai","Žuvusieji","asmenys",
"2020","Kelių eismo įvykiuose sužeistųjų ir žuvusiųjų skaičius","","6–9","Vyrai","Sužeistieji","asmenys","61"
"2021","Kelių eismo įvykiuose sužeistųjų ir žuvusiųjų skaičius","","6–9","Vyrai","Sužeistieji","asmenys","51"
"2022","Kelių eismo įvykiuose sužeistųjų ir žuvusiųjų skaičius","","6–9","Vyrai","Sužeistieji","asmenys","49"
"2020","Kelių eismo įvykiuose sužeistųjų ir žuvusiųjų skaičius","","6–9","Vyrai","Žuvusieji","asmenys",
"2021","Kelių eismo įvykiuose sužeistųjų ir žuvusiųjų skaičius","","6–9","Vyrai","Žuvusieji","asmenys",
"2022","Kelių eismo įvykiuose sužeistųjų ir žuvusiųjų skaičius","","6–9","Vyrai","Žuvusieji","asmenys","1"
"2020","Kelių eismo įvykiuose sužeistųjų ir žuvusiųjų skaičius","","10–14","Vyrai","Sužeistieji","asmenys","77"
"2021","Kelių eismo įvykiuose sužeistųjų ir žuvusiųjų skaičius","","10–14","Vyrai","Sužeistieji","asmenys","97"
"2022","Kelių eismo įvykiuose sužeistųjų ir žuvusiųjų skaičius","","10–14","Vyrai","Sužeistieji","asmenys","101"
"2020","Kelių eismo įvykiuose sužeistųjų ir žuvusiųjų skaičius","","10–14","Vyrai","Žuvusieji","asmenys","1"
"2021","Kelių eismo įvykiuose sužeistųjų ir žuvusiųjų skaičius","","10–14","Vyrai","Žuvusieji","asmenys","1"
"2022","Kelių eismo įvykiuose sužeistųjų ir žuvusiųjų skaičius","","10–14","Vyrai","Žuvusieji","asmenys","1"
"2020","Kelių eismo įvykiuose sužeistųjų ir žuvusiųjų skaičius","","15–17","Vyrai","Sužeistieji","asmenys","110"
"2021","Kelių eismo įvykiuose sužeistųjų ir žuvusiųjų skaičius","","15–17","Vyrai","Sužeistieji","asmenys","132"
"2022","Kelių eismo įvykiuose sužeistųjų ir žuvusiųjų skaičius","","15–17","Vyrai","Sužeistieji","asmenys","137"
"2020","Kelių eismo įvykiuose sužeistųjų ir žuvusiųjų skaičius","","15–17","Vyrai","Žuvusieji","asmenys","1"
"2021","Kelių eismo įvykiuose sužeistųjų ir žuvusiųjų skaičius","","15–17","Vyrai","Žuvusieji","asmenys","4"
"2022","Kelių eismo įvykiuose sužeistųjų ir žuvusiųjų skaičius","","15–17","Vyrai","Žuvusieji","asmenys","1"
"2020","Kelių eismo įvykiuose sužeistųjų ir žuvusiųjų skaičius","","18–20","Vyrai","Sužeistieji","asmenys","127"
"2021","Kelių eismo įvykiuose sužeistųjų ir žuvusiųjų skaičius","","18–20","Vyrai","Sužeistieji","asmenys","115"
"2022","Kelių eismo įvykiuose sužeistųjų ir žuvusiųjų skaičius","","18–20","Vyrai","Sužeistieji","asmenys","99"
"2020","Kelių eismo įvykiuose sužeistųjų ir žuvusiųjų skaičius","","18–20","Vyrai","Žuvusieji","asmenys","9"
"2021","Kelių eismo įvykiuose sužeistųjų ir žuvusiųjų skaičius","","18–20","Vyrai","Žuvusieji","asmenys","8"
"2022","Kelių eismo įvykiuose sužeistųjų ir žuvusiųjų skaičius","","18–20","Vyrai","Žuvusieji","asmenys","6"
"2020","Kelių eismo įvykiuose sužeistųjų ir žuvusiųjų skaičius","","21–24","Vyrai","Sužeistieji","asmenys","157"
"2021","Kelių eismo įvykiuose sužeistųjų ir žuvusiųjų skaičius","","21–24","Vyrai","Sužeistieji","asmenys","140"
"2022","Kelių eismo įvykiuose sužeistųjų ir žuvusiųjų skaičius","","21–24","Vyrai","Sužeistieji","asmenys","120"
"2020","Kelių eismo įvykiuose sužeistųjų ir žuvusiųjų skaičius","","21–24","Vyrai","Žuvusieji","asmenys","7"
"2021","Kelių eismo įvykiuose sužeistųjų ir žuvusiųjų skaičius","","21–24","Vyrai","Žuvusieji","asmenys","5"
"2022","Kelių eismo įvykiuose sužeistųjų ir žuvusiųjų skaičius","","21–24","Vyrai","Žuvusieji","asmenys","7"
"2020","Kelių eismo įvykiuose sužeistųjų ir žuvusiųjų skaičius","","25–34","Vyrai","Sužeistieji","asmenys","358"
"2021","Kelių eismo įvykiuose sužeistųjų ir žuvusiųjų skaičius","","25–34","Vyrai","Sužeistieji","asmenys","365"
"2022","Kelių eismo įvykiuose sužeistųjų ir žuvusiųjų skaičius","","25–34","Vyrai","Sužeistieji","asmenys","341"
"2020","Kelių eismo įvykiuose sužeistųjų ir žuvusiųjų skaičius","","25–34","Vyrai","Žuvusieji","asmenys","15"
"2021","Kelių eismo įvykiuose sužeistųjų ir žuvusiųjų skaičius","","25–34","Vyrai","Žuvusieji","asmenys","23"
"2022","Kelių eismo įvykiuose sužeistųjų ir žuvusiųjų skaičius","","25–34","Vyrai","Žuvusieji","asmenys","16"
"2020","Kelių eismo įvykiuose sužeistųjų ir žuvusiųjų skaičius","","35–44","Vyrai","Sužeistieji","asmenys","270"
"2021","Kelių eismo įvykiuose sužeistųjų ir žuvusiųjų skaičius","","35–44","Vyrai","Sužeistieji","asmenys","292"
"2022","Kelių eismo įvykiuose sužeistųjų ir žuvusiųjų skaičius","","35–44","Vyrai","Sužeistieji","asmenys","279"
"2020","Kelių eismo įvykiuose sužeistųjų ir žuvusiųjų skaičius","","35–44","Vyrai","Žuvusieji","asmenys","18"
"2021","Kelių eismo įvykiuose sužeistųjų ir žuvusiųjų skaičius","","35–44","Vyrai","Žuvusieji","asmenys","18"
"2022","Kelių eismo įvykiuose sužeistųjų ir žuvusiųjų skaičius","","35–44","Vyrai","Žuvusieji","asmenys","18"
"2020","Kelių eismo įvykiuose sužeistųjų ir žuvusiųjų skaičius","","45–54","Vyrai","Sužeistieji","asmenys","221"
"2021","Kelių eismo įvykiuose sužeistųjų ir žuvusiųjų skaičius","","45–54","Vyrai","Sužeistieji","asmenys","198"
"2022","Kelių eismo įvykiuose sužeistųjų ir žuvusiųjų skaičius","","45–54","Vyrai","Sužeistieji","asmenys","224"
"2020","Kelių eismo įvykiuose sužeistųjų ir žuvusiųjų skaičius","","45–54","Vyrai","Žuvusieji","asmenys","20"
"2021","Kelių eismo įvykiuose sužeistųjų ir žuvusiųjų skaičius","","45–54","Vyrai","Žuvusieji","asmenys","19"
"2022","Kelių eismo įvykiuose sužeistųjų ir žuvusiųjų skaičius","","45–54","Vyrai","Žuvusieji","asmenys","17"
"2020","Kelių eismo įvykiuose sužeistųjų ir žuvusiųjų skaičius","","55–64","Vyrai","Sužeistieji","asmenys","202"
"2021","Kelių eismo įvykiuose sužeistųjų ir žuvusiųjų skaičius","","55–64","Vyrai","Sužeistieji","asmenys","196"
"2022","Kelių eismo įvykiuose sužeistųjų ir žuvusiųjų skaičius","","55–64","Vyrai","Sužeistieji","asmenys","190"
"2020","Kelių eismo įvykiuose sužeistųjų ir žuvusiųjų skaičius","","55–64","Vyrai","Žuvusieji","asmenys","18"
"2021","Kelių eismo įvykiuose sužeistųjų ir žuvusiųjų skaičius","","55–64","Vyrai","Žuvusieji","asmenys","14"
"2022","Kelių eismo įvykiuose sužeistųjų ir žuvusiųjų skaičius","","55–64","Vyrai","Žuvusieji","asmenys","10"
"2020","Kelių eismo įvykiuose sužeistųjų ir žuvusiųjų skaičius","","65 ir vyresni","Vyrai","Sužeistieji","asmenys","162"
"2021","Kelių eismo įvykiuose sužeistųjų ir žuvusiųjų skaičius","","65 ir vyresni","Vyrai","Sužeistieji","asmenys","144"
"2022","Kelių eismo įvykiuose sužeistųjų ir žuvusiųjų skaičius","","65 ir vyresni","Vyrai","Sužeistieji","asmenys","166"
"2020","Kelių eismo įvykiuose sužeistųjų ir žuvusiųjų skaičius","","65 ir vyresni","Vyrai","Žuvusieji","asmenys","27"
"2021","Kelių eismo įvykiuose sužeistųjų ir žuvusiųjų skaičius","","65 ir vyresni","Vyrai","Žuvusieji","asmenys","17"
"2022","Kelių eismo įvykiuose sužeistųjų ir žuvusiųjų skaičius","","65 ir vyresni","Vyrai","Žuvusieji","asmenys","11"
"2020","Kelių eismo įvykiuose sužeistųjų ir žuvusiųjų skaičius","","Nenurodė","Vyrai","Sužeistieji","asmenys","2"
"2021","Kelių eismo įvykiuose sužeistųjų ir žuvusiųjų skaičius","","Nenurodė","Vyrai","Sužeistieji","asmenys","1"
"2022","Kelių eismo įvykiuose sužeistųjų ir žuvusiųjų skaičius","","Nenurodė","Vyrai","Sužeistieji","asmenys","1"
"2020","Kelių eismo įvykiuose sužeistųjų ir žuvusiųjų skaičius","","Nenurodė","Vyrai","Žuvusieji","asmenys","1"
"2021","Kelių eismo įvykiuose sužeistųjų ir žuvusiųjų skaičius","","Nenurodė","Vyrai","Žuvusieji","asmenys",
"2022","Kelių eismo įvykiuose sužeistųjų ir žuvusiųjų skaičius","","Nenurodė","Vyrai","Žuvusieji","asmenys",
"2020","Kelių eismo įvykiuose sužeistųjų ir žuvusiųjų skaičius","","Iš viso pagal amžių","Moterys","Sužeistieji","asmenys","1359"
"2021","Kelių eismo įvykiuose sužeistųjų ir žuvusiųjų skaičius","","Iš viso pagal amžių","Moterys","Sužeistieji","asmenys","1390"
"2022","Kelių eismo įvykiuose sužeistųjų ir žuvusiųjų skaičius","","Iš viso pagal amžių","Moterys","Sužeistieji","asmenys","1581"
"2020","Kelių eismo įvykiuose sužeistųjų ir žuvusiųjų skaičius","","Iš viso pagal amžių","Moterys","Žuvusieji","asmenys","58"
"2021","Kelių eismo įvykiuose sužeistųjų ir žuvusiųjų skaičius","","Iš viso pagal amžių","Moterys","Žuvusieji","asmenys","36"
"2022","Kelių eismo įvykiuose sužeistųjų ir žuvusiųjų skaičius","","Iš viso pagal amžių","Moterys","Žuvusieji","asmenys","32"
"2020","Kelių eismo įvykiuose sužeistųjų ir žuvusiųjų skaičius","","iki 6 metų","Moterys","Sužeistieji","asmenys","29"
"2021","Kelių eismo įvykiuose sužeistųjų ir žuvusiųjų skaičius","","iki 6 metų","Moterys","Sužeistieji","asmenys","29"
"2022","Kelių eismo įvykiuose sužeistųjų ir žuvusiųjų skaičius","","iki 6 metų","Moterys","Sužeistieji","asmenys","33"
"2020","Kelių eismo įvykiuose sužeistųjų ir žuvusiųjų skaičius","","iki 6 metų","Moterys","Žuvusieji","asmenys",
"2021","Kelių eismo įvykiuose sužeistųjų ir žuvusiųjų skaičius","","iki 6 metų","Moterys","Žuvusieji","asmenys",
"2022","Kelių eismo įvykiuose sužeistųjų ir žuvusiųjų skaičius","","iki 6 metų","Moterys","Žuvusieji","asmenys","1"
"2020","Kelių eismo įvykiuose sužeistųjų ir žuvusiųjų skaičius","","6–9","Moterys","Sužeistieji","asmenys","37"
"2021","Kelių eismo įvykiuose sužeistųjų ir žuvusiųjų skaičius","","6–9","Moterys","Sužeistieji","asmenys","48"
"2022","Kelių eismo įvykiuose sužeistųjų ir žuvusiųjų skaičius","","6–9","Moterys","Sužeistieji","asmenys","45"
"2020","Kelių eismo įvykiuose sužeistųjų ir žuvusiųjų skaičius","","6–9","Moterys","Žuvusieji","asmenys","1"
"2021","Kelių eismo įvykiuose sužeistųjų ir žuvusiųjų skaičius","","6–9","Moterys","Žuvusieji","asmenys","2"
"2022","Kelių eismo įvykiuose sužeistųjų ir žuvusiųjų skaičius","","6–9","Moterys","Žuvusieji","asmenys",
"2020","Kelių eismo įvykiuose sužeistųjų ir žuvusiųjų skaičius","","10–14","Moterys","Sužeistieji","asmenys","66"
"2021","Kelių eismo įvykiuose sužeistųjų ir žuvusiųjų skaičius","","10–14","Moterys","Sužeistieji","asmenys","75"
"2022","Kelių eismo įvykiuose sužeistųjų ir žuvusiųjų skaičius","","10–14","Moterys","Sužeistieji","asmenys","93"
"2020","Kelių eismo įvykiuose sužeistųjų ir žuvusiųjų skaičius","","10–14","Moterys","Žuvusieji","asmenys",
"2021","Kelių eismo įvykiuose sužeistųjų ir žuvusiųjų skaičius","","10–14","Moterys","Žuvusieji","asmenys",
"2022","Kelių eismo įvykiuose sužeistųjų ir žuvusiųjų skaičius","","10–14","Moterys","Žuvusieji","asmenys",
"2020","Kelių eismo įvykiuose sužeistųjų ir žuvusiųjų skaičius","","15–17","Moterys","Sužeistieji","asmenys","63"
"2021","Kelių eismo įvykiuose sužeistųjų ir žuvusiųjų skaičius","","15–17","Moterys","Sužeistieji","asmenys","76"
"2022","Kelių eismo įvykiuose sužeistųjų ir žuvusiųjų skaičius","","15–17","Moterys","Sužeistieji","asmenys","61"
"2020","Kelių eismo įvykiuose sužeistųjų ir žuvusiųjų skaičius","","15–17","Moterys","Žuvusieji","asmenys","3"
"2021","Kelių eismo įvykiuose sužeistųjų ir žuvusiųjų skaičius","","15–17","Moterys","Žuvusieji","asmenys",
"2022","Kelių eismo įvykiuose sužeistųjų ir žuvusiųjų skaičius","","15–17","Moterys","Žuvusieji","asmenys",
"2020","Kelių eismo įvykiuose sužeistųjų ir žuvusiųjų skaičius","","18–20","Moterys","Sužeistieji","asmenys","84"
"2021","Kelių eismo įvykiuose sužeistųjų ir žuvusiųjų skaičius","","18–20","Moterys","Sužeistieji","asmenys","68"
"2022","Kelių eismo įvykiuose sužeistųjų ir žuvusiųjų skaičius","","18–20","Moterys","Sužeistieji","asmenys","75"
"2020","Kelių eismo įvykiuose sužeistųjų ir žuvusiųjų skaičius","","18–20","Moterys","Žuvusieji","asmenys","1"
"2021","Kelių eismo įvykiuose sužeistųjų ir žuvusiųjų skaičius","","18–20","Moterys","Žuvusieji","asmenys","1"
"2022","Kelių eismo įvykiuose sužeistųjų ir žuvusiųjų skaičius","","18–20","Moterys","Žuvusieji","asmenys","2"
"2020","Kelių eismo įvykiuose sužeistųjų ir žuvusiųjų skaičius","","21–24","Moterys","Sužeistieji","asmenys","97"
"2021","Kelių eismo įvykiuose sužeistųjų ir žuvusiųjų skaičius","","21–24","Moterys","Sužeistieji","asmenys","103"
"2022","Kelių eismo įvykiuose sužeistųjų ir žuvusiųjų skaičius","","21–24","Moterys","Sužeistieji","asmenys","107"
"2020","Kelių eismo įvykiuose sužeistųjų ir žuvusiųjų skaičius","","21–24","Moterys","Žuvusieji","asmenys","1"
"2021","Kelių eismo įvykiuose sužeistųjų ir žuvusiųjų skaičius","","21–24","Moterys","Žuvusieji","asmenys","1"
"2022","Kelių eismo įvykiuose sužeistųjų ir žuvusiųjų skaičius","","21–24","Moterys","Žuvusieji","asmenys","3"
"2020","Kelių eismo įvykiuose sužeistųjų ir žuvusiųjų skaičius","","25–34","Moterys","Sužeistieji","asmenys","170"
"2021","Kelių eismo įvykiuose sužeistųjų ir žuvusiųjų skaičius","","25–34","Moterys","Sužeistieji","asmenys","159"
"2022","Kelių eismo įvykiuose sužeistųjų ir žuvusiųjų skaičius","","25–34","Moterys","Sužeistieji","asmenys","214"
"2020","Kelių eismo įvykiuose sužeistųjų ir žuvusiųjų skaičius","","25–34","Moterys","Žuvusieji","asmenys","2"
"2021","Kelių eismo įvykiuose sužeistųjų ir žuvusiųjų skaičius","","25–34","Moterys","Žuvusieji","asmenys","3"
"2022","Kelių eismo įvykiuose sužeistųjų ir žuvusiųjų skaičius","","25–34","Moterys","Žuvusieji","asmenys","3"
"2020","Kelių eismo įvykiuose sužeistųjų ir žuvusiųjų skaičius","","35–44","Moterys","Sužeistieji","asmenys","166"
"2021","Kelių eismo įvykiuose sužeistųjų ir žuvusiųjų skaičius","","35–44","Moterys","Sužeistieji","asmenys","169"
"2022","Kelių eismo įvykiuose sužeistųjų ir žuvusiųjų skaičius","","35–44","Moterys","Sužeistieji","asmenys","169"
"2020","Kelių eismo įvykiuose sužeistųjų ir žuvusiųjų skaičius","","35–44","Moterys","Žuvusieji","asmenys","8"
"2021","Kelių eismo įvykiuose sužeistųjų ir žuvusiųjų skaičius","","35–44","Moterys","Žuvusieji","asmenys","5"
"2022","Kelių eismo įvykiuose sužeistųjų ir žuvusiųjų skaičius","","35–44","Moterys","Žuvusieji","asmenys","1"
"2020","Kelių eismo įvykiuose sužeistųjų ir žuvusiųjų skaičius","","45–54","Moterys","Sužeistieji","asmenys","163"
"2021","Kelių eismo įvykiuose sužeistųjų ir žuvusiųjų skaičius","","45–54","Moterys","Sužeistieji","asmenys","175"
"2022","Kelių eismo įvykiuose sužeistųjų ir žuvusiųjų skaičius","","45–54","Moterys","Sužeistieji","asmenys","225"
"2020","Kelių eismo įvykiuose sužeistųjų ir žuvusiųjų skaičius","","45–54","Moterys","Žuvusieji","asmenys","13"
"2021","Kelių eismo įvykiuose sužeistųjų ir žuvusiųjų skaičius","","45–54","Moterys","Žuvusieji","asmenys","6"
"2022","Kelių eismo įvykiuose sužeistųjų ir žuvusiųjų skaičius","","45–54","Moterys","Žuvusieji","asmenys","3"
"2020","Kelių eismo įvykiuose sužeistųjų ir žuvusiųjų skaičius","","55–64","Moterys","Sužeistieji","asmenys","199"
"2021","Kelių eismo įvykiuose sužeistųjų ir žuvusiųjų skaičius","","55–64","Moterys","Sužeistieji","asmenys","190"
"2022","Kelių eismo įvykiuose sužeistųjų ir žuvusiųjų skaičius","","55–64","Moterys","Sužeistieji","asmenys","231"
"2020","Kelių eismo įvykiuose sužeistųjų ir žuvusiųjų skaičius","","55–64","Moterys","Žuvusieji","asmenys","10"
"2021","Kelių eismo įvykiuose sužeistųjų ir žuvusiųjų skaičius","","55–64","Moterys","Žuvusieji","asmenys","6"
"2022","Kelių eismo įvykiuose sužeistųjų ir žuvusiųjų skaičius","","55–64","Moterys","Žuvusieji","asmenys","7"
"2020","Kelių eismo įvykiuose sužeistųjų ir žuvusiųjų skaičius","","65 ir vyresni","Moterys","Sužeistieji","asmenys","283"
"2021","Kelių eismo įvykiuose sužeistųjų ir žuvusiųjų skaičius","","65 ir vyresni","Moterys","Sužeistieji","asmenys","296"
"2022","Kelių eismo įvykiuose sužeistųjų ir žuvusiųjų skaičius","","65 ir vyresni","Moterys","Sužeistieji","asmenys","326"
"2020","Kelių eismo įvykiuose sužeistųjų ir žuvusiųjų skaičius","","65 ir vyresni","Moterys","Žuvusieji","asmenys","19"
"2021","Kelių eismo įvykiuose sužeistųjų ir žuvusiųjų skaičius","","65 ir vyresni","Moterys","Žuvusieji","asmenys","12"
"2022","Kelių eismo įvykiuose sužeistųjų ir žuvusiųjų skaičius","","65 ir vyresni","Moterys","Žuvusieji","asmenys","12"
"2020","Kelių eismo įvykiuose sužeistųjų ir žuvusiųjų skaičius","","Nenurodė","Moterys","Sužeistieji","asmenys","2"
"2021","Kelių eismo įvykiuose sužeistųjų ir žuvusiųjų skaičius","","Nenurodė","Moterys","Sužeistieji","asmenys","2"
"2022","Kelių eismo įvykiuose sužeistųjų ir žuvusiųjų skaičius","","Nenurodė","Moterys","Sužeistieji","asmenys","2"
"2020","Kelių eismo įvykiuose sužeistųjų ir žuvusiųjų skaičius","","Nenurodė","Moterys","Žuvusieji","asmenys",
"2021","Kelių eismo įvykiuose sužeistųjų ir žuvusiųjų skaičius","","Nenurodė","Moterys","Žuvusieji","asmenys",
"2022","Kelių eismo įvykiuose sužeistųjų ir žuvusiųjų skaičius","","Nenurodė","Moterys","Žuvusieji","asmenys",
